"Post ID","Page ID","Page name",Title,Description,"Duration (sec)","Publish time","Caption type",Permalink,"Is crosspost","Is share","Post type",Languages,"Custom labels","Funded content status","Data comment",Date,Views,Impressions,Reach,"Reactions, Comments and Shares",Reactions,Comments,Shares,"Total clicks","Other Clicks","Matched Audience Targeting Consumption (Photo Click)","Link Clicks","Matched Audience Targeting Consumption (Video Click)",REELS_PLAYS:COUNT,"Seconds viewed","Average Seconds viewed","Estimated earnings (USD)","Ad CPM (USD)","Ad impressions"
1170541895076609,100063624278058,"Bidhaan Health & Beauty","𝐌𝐮𝐝𝐧𝐚𝐚𝐧𝐭𝐞𝐞𝐧𝐮 𝐰𝐚𝐚 𝐜𝐚𝐚𝐟𝐢𝐦𝐚𝐚𝐝𝐤𝐚 𝐦𝐚𝐪𝐚𝐚𝐫𝐤𝐚𝐚𝐠𝐚.
𝑫𝒓 𝑵𝒂𝒔𝒊𝒊𝒃

#Bidhaan_Health_Beuaty
#Best_Skin_Care 
#Xarunta_Taleex",,0,"02/25/2025 23:18",N/A,https://www.facebook.com/bidhaanbeauty/posts/pfbid031njHKSfPXe3fUV9sup1JHNpvQVxC2LqikNeTqC1CVkEYL25rsDpj6XuUwaqHGodFl,0,0,Photos,,,,,Lifetime,662,449,449,3,1,0,2,14,7,7,,,,,,,,
1169946555136143,100063624278058,"Bidhaan Health & Beauty","Nagu soo Booqo Bandhiga Carwada Hooyo iyo Caruurta.

#Bidhaan_Health_Beuaty
#Best_skin_care",,0,"02/25/2025 05:46",N/A,https://www.facebook.com/bidhaanbeauty/posts/pfbid03NFT3ivrNNqNSWTMPfU7mz9Uht7uVhgEhXxme1rzArvqUxqJLzEqsyoKgEzpBxgVl,0,0,Photos,,,,,Lifetime,593,395,391,5,4,0,1,23,7,16,,,,,,,,
1168899208574211,100063624278058,"Bidhaan Health & Beauty","𝐔𝐌𝐀 𝐁𝐀𝐀𝐇𝐍𝐈𝐃 𝐏𝐑𝐎𝐃𝐔𝐂𝐓𝐒 𝐋𝐀 𝐗𝐀𝐘𝐄𝐄𝐘𝐒𝐈𝐘𝐀𝐘 𝐀𝐌𝐀 𝐃𝐈𝐒𝐂𝐎𝐔𝐍𝐓 𝐊𝐔 𝐉𝐈𝐑𝐓𝐀 𝐈𝐍𝐀𝐀 𝐈𝐈𝐁𝐒𝐀𝐓𝐈𝐃.

Fadlan nagala soo xiriir:
0770712173
#Bidhaan_Health_Beuaty
#Best_skin_care",,0,"02/23/2025 23:04",N/A,https://www.facebook.com/bidhaanbeauty/posts/pfbid0ySYdsB3h8L13A6bVG882Sy5pBrXjfxZnwqkhd3q2pKMmfHzYi4UQDfwzoo6Lw45Zl,0,0,Photos,,,,,Lifetime,1250,786,778,21,18,1,2,38,30,8,,,,,,,,
1167605095370289,100063624278058,"Bidhaan Health & Beauty","Tima daadashadu waa arrin dabiici ah oo qof walba ku dhici karta, laakiin haddii ay si xad dhaaf ah u dhacaan, waxay noqon kartaa dhibaato u baahan in la ogaado sababaha keenaya.

#Bidhaan_Health_Beuaty
#Best_skin_care","Tima daadashadu waa arrin dabiici ah oo qof walba ku dhici karta, laakiin haddii ay si xad dhaaf ah u dhacaan, waxay noqon kartaa dhibaato u baahan in la ogaado sababaha keenaya.

#Bidhaan_Health_Beuaty
#Best_skin_care",72,"02/22/2025 06:08",N/A,https://www.facebook.com/bidhaanbeauty/videos/1145590796698393/,0,0,Videos,,,,,Lifetime,5751,5916,4764,60,59,0,1,60,37,,23,,5751,24695.311,4.398,0,0,0
1166368915493907,100063624278058,"Bidhaan Health & Beauty","Jimca wanaagsan.",,0,"02/20/2025 17:54",N/A,https://www.facebook.com/bidhaanbeauty/posts/pfbid02G388UFe9w9BbHQkxTDxL27tenbF3tPnh2sp4TbtXks9yncuJUKyRkhkXZWUmENHZl,0,0,Photos,,,,,Lifetime,286,160,156,2,2,0,0,2,,2,,,,,,,,
1164925228971609,100063624278058,"Bidhaan Health & Beauty","𝐇𝐚𝐝𝐢𝐢 𝐚𝐚𝐝 𝐥𝐚 𝐝𝐡𝐢𝐛𝐚𝐧 𝐭𝐚𝐡𝐚𝐲 𝐜𝐢𝐫𝐛𝐚 𝐝𝐢𝐥𝐚𝐚𝐜𝐚 𝐰𝐚𝐱𝐚𝐚 𝐤𝐮𝐮 𝐡𝐚𝐲𝐧𝐚𝐚 𝐱𝐚𝐥 𝐥𝐚𝐠𝐚𝐚𝐠𝐚 𝐝𝐚𝐚𝐰𝐞𝐲𝐧𝐚𝐚𝐲𝐨 𝐟𝐚𝐝𝐥𝐚𝐧 𝐡𝐚 𝐢𝐬𝐤𝐮 𝐞𝐞𝐠𝐚𝐧𝐢𝐧.

#Bidhaan_Health_Beuaty
#Best_skin_care",,0,"02/19/2025 02:09",N/A,https://www.facebook.com/bidhaanbeauty/posts/pfbid02RCRwpERiTEoxQq2cBzsFfFUV3Y481vG9DygnWWKkzkAyYXUnV3B7Vdo7PDVivvbdl,0,0,Photos,,,,,Lifetime,637,408,396,3,2,0,1,17,13,4,,,,,,,,
1162486399215492,100063624278058,"Bidhaan Health & Beauty","Hel taagerada Aad ubahantahay Adoo kaashanaya Dadka Ehelka u ah Qibradana uleh Daryeelidda Maqaarka. 

#Bidhaan_Health_Beuaty
#Best_skin_care",,0,"02/16/2025 05:15",N/A,https://www.facebook.com/bidhaanbeauty/posts/pfbid02DqM8b8bqk2gLDGdD1QvUF3Eptc9V56yu5AnJeKDEkS5Jps5ts8k1nxp5zc88fMr3l,0,0,Photos,,,,,Lifetime,653,415,398,6,5,0,1,6,2,4,,,,,,,,
1161626035968195,100063624278058,"Bidhaan Health & Beauty","Daryeelka caafimaadka maqaarkaaga waa mudnaanteena 

#Bidhaan_Health_Beuaty
#Best_skin_care",,0,"02/15/2025 05:10",N/A,https://www.facebook.com/bidhaanbeauty/posts/pfbid0246BiaKr9Rx9N1ruW6NqJmnY7CDzKaWXXnvDQwQdBrBsKL9bA4N1UwjdvYFjpuBVMl,0,0,Photos,,,,,Lifetime,624,441,434,2,2,0,0,16,5,11,,,,,,,,
1160501159414016,100063624278058,"Bidhaan Health & Beauty","jimca kariim.

#Bidhaan_Health_Beuaty
#Best_skin_care",,0,"02/14/2025 00:08",N/A,https://www.facebook.com/bidhaanbeauty/posts/pfbid02s7ANeBDgf9XEd3vWv2ErZcdTBqW7B5xzdT3iUBqkGP2rbaH2u8jfVKUTFme1F41Pl,0,0,Photos,,,,,Lifetime,349,238,222,2,2,0,0,0,,,,,,,,,,
1159768536153945,100063624278058,"Bidhaan Health & Beauty","𝑴𝒖𝒅𝒏𝒂𝒂𝒏 𝑺𝒊𝒊 𝑫𝒂𝒓𝒚𝒆𝒆𝒍𝒌𝒂 𝒎𝒂𝒒𝒂𝒂𝒓𝒌𝒂𝒂𝒈𝒂.

Fadlan nagala soo xiriir:
0770712173
#Bidhaan_Health_Beuaty
#Best_skin_care",,0,"02/13/2025 04:08",N/A,https://www.facebook.com/bidhaanbeauty/posts/pfbid02EUv6GrEK6xmzezj6scky3oLCrsGvJHQvbb3m8fd6d753Y4pQJTNmQCwXsD8AiYzLl,0,0,Photos,,,,,Lifetime,674,476,460,4,4,0,0,20,14,6,,,,,,,,
1158313249632807,100063624278058,"Bidhaan Health & Beauty","Bidhaan Health & Beauty  Waxaa ka heleysaa Daryeel, Daaween iyo Hagid Cilmi iyo Aqoon Ku Suntan.

#Bidhaan_Health_Beuaty
#Best_Skin_Care",,0,"02/11/2025 06:48",N/A,https://www.facebook.com/bidhaanbeauty/posts/pfbid0awLMEb9yGcZBoNnP3ok42BgvNGTNE2dwsmcwcU77fSKUp1FWyfGdbkmXVbCq1PVl,0,0,Photos,,,,,Lifetime,563,149,142,7,7,0,0,5,4,1,,,,,,,,
1156768693120596,100063624278058,"Bidhaan Health & Beauty","In aa  Baratid Nuuca Maqaarkaada oo heshid Daryeel Kooban  oo kugu haboon  Waxaa  kaa  xiga in aa  Booqatid xarumaha Bidhaan Health & Beauty 
  Lana  Kulantid  Dhaqtar  Qibrad  sarre u leh  Daryeelka maqaarkaaga.

#Bidhaan_Health_Beuaty
#Best_Skin_Care",,0,"02/09/2025 05:24",N/A,https://www.facebook.com/bidhaanbeauty/posts/pfbid07S2xXHQGibEs9fsuk6iaAkHXPNya1U3wXpRB1igPxZjeMZwT8eHMEPhTmpVkYTaNl,0,0,Photos,,,,,Lifetime,1883,1265,1262,18,17,0,1,12,5,7,,,,,,,,
1155860729878059,100063624278058,"Bidhaan Health & Beauty","𝐍𝐀𝐈𝐋 𝐖𝐎𝐑𝐋𝐃 𝐃𝐀𝐘.
#Bidhaan_Health_Beuaty
#Best_Skin_Care",,0,"02/08/2025 00:13",N/A,https://www.facebook.com/bidhaanbeauty/posts/pfbid02tEaXWLfauoTVr7gMqXNnpBCyZ3sGVHr253bLJ7zKF2jJD8F4ny77DHn8bfLRRFnvl,0,0,Photos,,,,,Lifetime,3368,2226,2225,31,27,2,2,84,61,23,,,,,,,,
1154902913307174,100063624278058,"Bidhaan Health & Beauty","Jimca mubaarak.",,0,"02/06/2025 18:09",N/A,https://www.facebook.com/bidhaanbeauty/posts/pfbid0PocjSiTkjHEUDXTYuZQM2tSNBD186GCjCsfANGAhbtSxLYKENpGocRiKB7epwDmVl,0,0,Photos,,,,,Lifetime,981,698,676,8,8,0,0,9,6,3,,,,,,,,
1153421723455293,100063624278058,"Bidhaan Health & Beauty","𝐔𝐌𝐀 𝐁𝐀𝐀𝐇𝐍𝐈𝐃 𝐀𝐋𝐀𝐀𝐁 𝐎𝐍𝐋𝐈𝐍𝐄 𝐋𝐀𝐆𝐀 𝐗𝐀𝐘𝐄𝐄𝐘𝐒𝐈𝐈𝐘𝐀𝐘 𝐈𝐍𝐀𝐀 𝐈𝐒𝐊𝐀 𝐈𝐈𝐁𝐒𝐀𝐓𝐈𝐃.

#Bidhaan_Health_Beuaty
#Best_skin_care",,0,"02/04/2025 23:17",N/A,https://www.facebook.com/bidhaanbeauty/posts/pfbid0EW7rPY56atZVa1nHgD5XoiJ6ysYWdi4DpyemU3xsvyeifayFEQhjtePjAyezezqKl,0,0,Photos,,,,,Lifetime,2813,1892,1855,23,21,0,2,44,28,16,,,,,,,,
1150718440392288,100063624278058,"Bidhaan Health & Beauty","𝐖𝐚𝐱𝐚𝐚𝐧 𝐐𝐞𝐲𝐛 𝐤𝐚 𝐧𝐚𝐡𝐚𝐲 𝐜𝐚𝐚𝐟𝐢𝐦𝐚𝐚𝐝𝐤𝐚 𝐦𝐚𝐪𝐚𝐚𝐫𝐤𝐚𝐚𝐠𝐚.

Fadlan nagala soo xiriir:
0770712173
#Bidhaan_Health_Beuaty
#Best_skin_care",,0,"02/01/2025 09:49",N/A,https://www.facebook.com/bidhaanbeauty/posts/pfbid0Bbpr3zPJ8RYsyDwCMQjR4rzsztxpzo7kJNvVRaNbApMzzcHkvJWMGBr4fKZq9MYJl,0,0,Photos,,,,,Lifetime,3637,2399,2357,23,21,0,2,78,26,52,,,,,,,,
1149411707189628,100063624278058,"Bidhaan Health & Beauty","jimca kariim.

#Bidhaan_Health_Beuaty
#Best_skin_care",,0,"01/30/2025 17:39",N/A,https://www.facebook.com/bidhaanbeauty/posts/pfbid0dHTAwccJvtniDq6HiZCjZoRUyhU4DKfQFDN3n5e3BvFLskRfF9PQaXhahBrt3vLJl,0,0,Photos,,,,,Lifetime,1410,958,921,9,9,0,0,15,5,10,,,,,,,,
1148391260625006,100063624278058,"Bidhaan Health & Beauty","Fadlan nagala soo xiriir:
0770712173
#Bidhaan_Health_Beuaty
#Best_skin_care",,0,"01/29/2025 08:49",N/A,https://www.facebook.com/bidhaanbeauty/posts/pfbid02hQjHmChFiNZxZmThYW8RDA3gjXGyStUtWix2XBPCBmVpavE8yADQrJ4Fuc6P1TzJl,0,0,Photos,,,,,Lifetime,2535,1685,1646,19,18,0,1,17,10,7,,,,,,,,
1147461754051290,100063624278058,"Bidhaan Health & Beauty","𝐂𝐚𝐚𝐟𝐢𝐦𝐚𝐚𝐝𝐤𝐚 𝐂𝐢𝐝𝐢𝐲𝐚𝐡𝐚 𝐰𝐚𝐚 𝐪𝐞𝐲𝐛 𝐦𝐮𝐡𝐢𝐢𝐦 𝐮 𝐚𝐡 𝐣𝐢𝐫𝐤𝐚 𝐛𝐢𝐧𝐢 𝐚𝐚𝐝𝐚𝐦𝐤𝐚 𝐰𝐚𝐚𝐧𝐚 𝐚𝐬𝐭𝐚𝐚𝐧𝐭𝐚 𝐮𝐠𝐮 𝐡𝐨𝐫𝐞𝐲𝐬𝐨 𝐪𝐮𝐫𝐮𝐱𝐝𝐚 𝐪𝐨𝐟𝐤𝐚.

Fadlan nagala soo xiriir:
0770712173
#Bidhaan_Health_Beuaty
#Best_skin_care","𝐂𝐚𝐚𝐟𝐢𝐦𝐚𝐚𝐝𝐤𝐚 𝐂𝐢𝐝𝐢𝐲𝐚𝐡𝐚 𝐰𝐚𝐚 𝐪𝐞𝐲𝐛 𝐦𝐮𝐡𝐢𝐢𝐦 𝐮 𝐚𝐡 𝐣𝐢𝐫𝐤𝐚 𝐛𝐢𝐧𝐢 𝐚𝐚𝐝𝐚𝐦𝐤𝐚 𝐰𝐚𝐚𝐧𝐚 𝐚𝐬𝐭𝐚𝐚𝐧𝐭𝐚 𝐮𝐠𝐮 𝐡𝐨𝐫𝐞𝐲𝐬𝐨 𝐪𝐮𝐫𝐮𝐱𝐝𝐚 𝐪𝐨𝐟𝐤𝐚.

Fadlan nagala soo xiriir:
0770712173
#Bidhaan_Health_Beuaty
#Best_skin_care",41,"01/28/2025 04:56",N/A,https://www.facebook.com/bidhaanbeauty/videos/968886814665121/,0,0,Videos,,,,,Lifetime,1216,1215,1154,21,20,0,1,62,62,,,,1216,7722.606,7.097,0,0,0
1145982860865846,100063624278058,"Bidhaan Health & Beauty","𝐖𝐚𝐱𝐚𝐚 𝐧𝐚𝐠𝐚 𝐆𝐨'𝐚𝐧 𝐝𝐚𝐚𝐰𝐞𝐲𝐧𝐭𝐚 𝐝𝐚𝐝𝐤𝐚 𝐥𝐚 𝐝𝐡𝐢𝐛𝐚𝐧 𝐱𝐚𝐧𝐮𝐮𝐧𝐚𝐝𝐚 𝐦𝐚𝐪𝐚𝐚𝐫𝐤𝐚.

Fadlan nagala soo xiriir:
0770712173
#Bidhaan_Health_Beuaty
#Best_skin_care",,0,"01/26/2025 06:24",N/A,https://www.facebook.com/bidhaanbeauty/posts/pfbid02JrPmCUcKgohaaut1XfW7K1cia6mnAh9tKm93enfXs7gmqyRi8NZ78DioES7Eif7Dl,0,0,Photos,,,,,Lifetime,7153,4599,4599,38,33,3,2,200,77,123,,,,,,,,
1143920884405377,100063624278058,"Bidhaan Health & Beauty","jimca mubaarak.",,0,"01/23/2025 13:02",N/A,https://www.facebook.com/bidhaanbeauty/posts/pfbid0NMdiddRxyVqKvTYFHk8WFgtkqAL7Hn16k38jmNjtGp7MN53jnNVYq5d3WYYtTZc6l,0,0,Photos,,,,,Lifetime,1352,940,917,6,6,0,0,5,1,4,,,,,,,,
1143471381116994,100063624278058,"Bidhaan Health & Beauty","𝐃𝐫 𝐧𝐚𝐬𝐢𝐢𝐛 oo ah dhaqtarka cudurada maqaarka si aad ula kulantid nagu soo booqo xarunteena  𝐁𝐢𝐝𝐡𝐚𝐚𝐧 𝐭𝐚𝐥𝐞𝐱.

#Bidhaan_Health_Beuaty
#Best_skin_care",,0,"01/22/2025 23:54",N/A,https://www.facebook.com/bidhaanbeauty/posts/pfbid021MWAo5riMGr6Zv5UCQCb1r8eRjA6As7yvYJC5QdfPVxNuvQFo3MUq5YL9AUWJfyWl,0,0,Photos,,,,,Lifetime,5847,3565,3439,52,47,0,5,104,51,53,,,,,,,,
1142880761176056,100063624278058,"Bidhaan Health & Beauty","mudnaanteenu waa caafimaadka timahaada.

#Bidhaan_Health_Beuaty
#Best_skin_care",,0,"01/22/2025 05:20",N/A,https://www.facebook.com/bidhaanbeauty/posts/pfbid02YdGJykrcsT52ct7F9v4Yy5FPHrwEY1hMD3GS8RbiiBLySavf2Tn26PtgtShXUXSLl,0,0,Photos,,,,,Lifetime,2829,1973,1943,10,10,0,0,50,16,34,,,,,,,,
1140335658097233,100063624278058,"Bidhaan Health & Beauty","𝐖𝐚𝐫𝐠𝐚𝐥𝐢𝐧 𝐌𝐮𝐡𝐢𝐢𝐦 𝐀𝐡.

𝑭𝒂𝒅𝒍𝒂𝒏 𝒏𝒂𝒈𝒂𝒍𝒂 𝒔𝒐𝒐 𝒙𝒊𝒓𝒊𝒊𝒓: 𝟎𝟕𝟕𝟎𝟕𝟏𝟐𝟏𝟕𝟑
#Bidhaan_Health_Beuaty
#Best_skin_care",,0,"01/19/2025 00:32",N/A,https://www.facebook.com/bidhaanbeauty/posts/pfbid0rpzyTQRCh5tyS1QMqpgqTocC4kC8wLXB4Cmifb4gdxJswbSPUC1KhdsXhSeE2vWGl,0,0,Photos,,,,,Lifetime,2479,1702,1619,10,9,0,1,39,32,7,,,,,,,,
1138363344961131,100063624278058,"Bidhaan Health & Beauty","Jimca mubaarak.",,0,"01/16/2025 13:42",N/A,https://www.facebook.com/bidhaanbeauty/posts/pfbid0XvrkFE9GeKb9W29NN8Kcj8D4x9VSAATMWafBptPP4xHHfsmFkseMerGPjeigzpZXl,0,0,Photos,,,,,Lifetime,1452,1009,967,8,8,0,0,8,5,3,,,,,,,,
1136648665132599,100063624278058,"Bidhaan Health & Beauty","𝑭𝒂𝒅𝒍𝒂𝒏 𝒏𝒂𝒈𝒂𝒍𝒂 𝒔𝒐𝒐 𝒙𝒊𝒓𝒊𝒊𝒓: 𝟎𝟕𝟕𝟎𝟕𝟏𝟐𝟏𝟕𝟑
#Bidhaan_Health_Beuaty
#Best_skin_care",,0,"01/14/2025 07:52",N/A,https://www.facebook.com/bidhaanbeauty/posts/pfbid0X5Afdn6iQ2DYE2g67Mc8KTgnJQvbeNVvyhVKc2UViXVo8aam69RZLZiuLT9dksN5l,0,0,Photos,,,,,Lifetime,2579,1769,1655,28,26,1,1,35,24,11,,,,,,,,
1134334682030664,100063624278058,"Bidhaan Health & Beauty","waxaa diyaar u nahay daryeelka caafimaadka maqaarka, cidiyaha iyo Timaha.

#bidhaan_health
#skincareroutine",,0,"01/11/2025 04:59",N/A,https://www.facebook.com/bidhaanbeauty/posts/pfbid0HZ3EXrjzYUoom6kDhyWJAR6Gg4kziDgbxgTst7LvS9oAkMWS3wGcJdpprMwr55RAl,0,0,Photos,,,,,Lifetime,3952,2616,2584,27,26,1,0,48,28,20,,,,,,,,
1133214128809386,100063624278058,"Bidhaan Health & Beauty","Jimca wanaagsan.",,0,"01/09/2025 17:00",N/A,https://www.facebook.com/bidhaanbeauty/posts/pfbid029vr2eoHGJWvL5iXWhiB9D8JFJyACm11iJ8KHfx1nsqDcjXhTcjbN7E5bEk7mSrk1l,0,0,Photos,,,,,Lifetime,1443,545,500,10,9,1,0,5,5,,,,,,,,,
1131369035660562,100063624278058,"Bidhaan Health & Beauty","Nagu soo booqo xarumaheena si aan qeyb ugu qaadano caafimaadkaada.

#bidhaan_health
#skincareroutine",,0,"01/07/2025 05:16",N/A,https://www.facebook.com/bidhaanbeauty/posts/pfbid02C4FfDp8bMydefPCjgiMu5ztqHy5MoNKNhxQQKxpBPATgS7xzxedrjLFYjp1J1FZFl,0,0,Photos,,,,,Lifetime,3930,2549,2538,19,19,0,0,108,35,72,1,,,,,,,
1130615242402608,100063624278058,"Bidhaan Health & Beauty","𝐖𝐚𝐱𝐚𝐚 𝐧𝐚𝐠𝐚 𝐠𝐨'𝐚𝐧 𝐇𝐨𝐫𝐦𝐚𝐫𝐢𝐧𝐭𝐚 𝐜𝐚𝐚𝐟𝐢𝐦𝐚𝐚𝐝𝐤𝐚 𝐦𝐚𝐪𝐚𝐚𝐫𝐤𝐚𝐚𝐠𝐚.
#bidhaan_health 
#skincareroutine
Fadlan nagala soo xiriir:
0770712173
Ama Booqo Xarunteena Ku Taalo Banaadir.   Diplomatic Hotel","𝐖𝐚𝐱𝐚𝐚 𝐧𝐚𝐠𝐚 𝐠𝐨'𝐚𝐧 𝐇𝐨𝐫𝐦𝐚𝐫𝐢𝐧𝐭𝐚 𝐜𝐚𝐚𝐟𝐢𝐦𝐚𝐚𝐝𝐤𝐚 𝐦𝐚𝐪𝐚𝐚𝐫𝐤𝐚𝐚𝐠𝐚.
#bidhaan_health 
#skincareroutine
Fadlan nagala soo xiriir:
0770712173
Ama Booqo Xarunteena Ku Taalo Banaadir.   Diplomatic Hotel",40,"01/06/2025 04:45",N/A,https://www.facebook.com/bidhaanbeauty/videos/8320441678057468/,1,0,Videos,,,,,Lifetime,1333,1317,1198,25,23,0,2,39,38,,1,,1333,9207.878,7.686,0,0,0
1130130712451061,100063624278058,"Bidhaan Health & Beauty","Dhalaali maqaarkaaga adoo dhaawac u geysan.

#bidhaan_health 
#skincareroutine

Fadlan nagala soo xiriir:
0770712173
Ama Booqo Xarunteena Ku Taalo Banaadir.   Diplomatic Hotel",,0,"01/05/2025 12:27",N/A,https://www.facebook.com/bidhaanbeauty/posts/pfbid0fuULNVZVNzkGenaiXMTRFCJ8osWfQGLbv1HRNNVmTjqyPj7ZXAjNEKSGVfK6sHY7l,0,0,Photos,,,,,Lifetime,2065,1425,1382,14,14,0,0,24,16,8,,,,,,,,
1129177435879722,100063624278058,"Bidhaan Health & Beauty","Marwalba lasoco caafimaadka timahaaga.

#Bidhaan_Health_Beuaty
#Best_skin_care",,0,"01/04/2025 06:05",N/A,https://www.facebook.com/bidhaanbeauty/posts/pfbid0AmfVfrBnZA2MeMfcWJvafAcNidGexoDRgRBG6VNHGPoeB4b1trdj5QkTH6Mc6wykl,0,0,Photos,,,,,Lifetime,4625,3105,3010,25,18,3,4,113,56,57,,,,,,,,
1127994102664722,100063624278058,"Bidhaan Health & Beauty","JIMCA MUBAARAK.

#Bidhaan_Health_Beuaty
#Best_skin_care",,0,"01/02/2025 16:12",N/A,https://www.facebook.com/bidhaanbeauty/posts/pfbid0JFmrtDcpz6noyM7TgmBssKzaooWRbWfNULKhscgFNT2MFu2DgcobU66TVTQ2Nq5El,0,0,Photos,,,,,Lifetime,1501,1020,977,10,10,0,0,17,12,5,,,,,,,,
1126111362852996,100063624278058,"Bidhaan Health & Beauty","Mudnaanteenu waa caafimaadka maqaarkaaga Hel daryeel kugu haboon.

#Bidhaan_Health_Beuaty
#Best_skin_care",,0,"12/31/2024 05:21",N/A,https://www.facebook.com/bidhaanbeauty/posts/pfbid034uoN1U1imY1guSYAMjn3unvMrSCGC2ELip1tsjumrAsWmtFcvVUoeZ5JU3QtSeirl,0,0,Photos,,,,,Lifetime,1945,1385,1312,15,13,0,2,12,5,7,,,,,,,,
2110992926022825,423008958154572,"Bidhaan Health & Beauty","Bidhaan Health & Beauty updated their cover photo.",,0,"12/29/2024 05:03",N/A,https://www.facebook.com/bidhaanbeauty/photos/a.423011658154302/2110992926022825/?type=3,0,0,Photos,,,,,Lifetime,0,0,0,4,4,0,0,0,,,,,,,,,,
1123939889736810,100063624278058,"Bidhaan Health & Beauty","Adiga oo waxyeelo gaarsiin ayaad soo celin kartaa Bilicda maqaarkaaga.

#Bidhaan_Health_Beuaty
#Best_skin_care",,0,"12/28/2024 05:40",N/A,https://www.facebook.com/bidhaanbeauty/posts/pfbid02953fXcm8og8A85kZJw5wa8CmoCooQxF8EDd1G5bhM4PHszGpFmnyF1TFBbpqynd8l,0,0,Photos,,,,,Lifetime,2104,1537,1446,9,9,0,0,23,12,11,,,,,,,,
1122848899845909,100063624278058,"Bidhaan Health & Beauty","JIMCO WANAAGSAN.

#Bidhaan_Health_Beuaty
#Best_skin_care",,0,"12/26/2024 16:35",N/A,https://www.facebook.com/bidhaanbeauty/posts/pfbid02nkT3Py86a6H2QMvEXoePRbuyA7KEtbHcJrQUjufAZiZ1Em7qtcDcHSFpx9zz1zEUl,0,0,Photos,,,,,Lifetime,1124,817,760,8,8,0,0,5,3,2,,,,,,,,
1121792726618193,100063624278058,"Bidhaan Health & Beauty","𝐃𝐢𝐢𝐫𝐚𝐝𝐞𝐞𝐧𝐮 𝐰𝐚𝐚 𝐪𝐚𝐧𝐜𝐢𝐧𝐭𝐚 𝐦𝐚𝐜𝐦𝐢𝐢𝐥𝐤𝐞𝐞𝐧𝐚.

#Bidhaan_Health_Beuaty
#Best_skin_care",,0,"12/25/2024 05:34",N/A,https://www.facebook.com/bidhaanbeauty/posts/pfbid03wzjmanK5LJk7659J5xEFTwE8WCj77aHGcdKTif2Xvg4mUkezynUinXPkBskEm6bl,0,0,Photos,,,,,Lifetime,3275,2200,2074,27,23,0,4,36,18,18,,,,,,,,
1120242966773169,100063624278058,"Bidhaan Health & Beauty","𝐉𝐚𝐜𝐚𝐲𝐥𝐤𝐚 𝐧𝐚𝐟𝐭𝐚𝐚𝐝𝐚 𝐰𝐮𝐱𝐮𝐮 𝐤𝐚 𝐛𝐢𝐥𝐚𝐚𝐛𝐦𝐚𝐚 𝐝𝐚𝐫𝐲𝐞𝐞𝐥𝐤𝐚 𝐦𝐚𝐪𝐚𝐚𝐫𝐤𝐚𝐚𝐠𝐚.

#Bidhaan_Health_Beuaty
#Best_skin_care",,0,"12/23/2024 04:57",N/A,https://www.facebook.com/bidhaanbeauty/posts/pfbid033ohCJVz1p8Wyd6YVDCfTS46cdPBSQBAayCU9HaiBfFNZkUs6TWHFPttroiqRDQ6Ul,0,0,Photos,,,,,Lifetime,2772,1892,1825,22,20,0,2,34,19,15,,,,,,,,
1118807800250019,100063624278058,"Bidhaan Health & Beauty","𝐒𝐞𝐞𝐱𝐨 𝐇𝐮𝐫𝐝𝐨 𝐊𝐮𝐠𝐮 𝐅𝐢𝐥𝐚𝐧.

Fadlan nagaFadlan naga#Best_Skin_Carela soo xiriir:
0770712173
#Bidhaan_Health_Beuaty
#Best_skin_care",,0,"12/21/2024 06:07",N/A,https://www.facebook.com/bidhaanbeauty/posts/pfbid0mTCr7Z1YMXx5TxZkYEDnWvPZkccSFMosqboxEk2HYSiuQcPVj8LyZXRd4FXdHfiNl,0,0,Photos,,,,,Lifetime,2688,1847,1770,18,17,0,1,38,25,13,,,,,,,,
1117619503702182,100063624278058,"Bidhaan Health & Beauty","JIMCA WANAAGSAN.

#Bidhaan_Health_Beuaty
#Best_skin_care",,0,"12/19/2024 15:24",N/A,https://www.facebook.com/bidhaanbeauty/posts/pfbid0wfLq7epfpCgJmJ6Mg6ZJhrXfzmiCKbz3eKkmezHToPNiVGySQUGPsYQwDjyV1bBSl,0,0,Photos,,,,,Lifetime,1332,936,893,7,7,0,0,7,3,4,,,,,,,,
1116489720481827,100063624278058,"Bidhaan Health & Beauty","𝑪𝒂𝒂𝒇𝒊𝒎𝒂𝒂𝒅𝒌𝒂 𝒎𝒂𝒒𝒂𝒂𝒓𝒌𝒂𝒂𝒈𝒖 𝒘𝒂𝒂 𝒎𝒖𝒅𝒏𝒂𝒂𝒏𝒕𝒆𝒆𝒏𝒂.
Fadlan nagala soo xiriir:
0770712173

#Bidhaan_Health_Beuaty
#Best_skin_care",,0,"12/18/2024 05:02",N/A,https://www.facebook.com/bidhaanbeauty/posts/pfbid02NSmN9w1DBBtrdvAZRPk83BAm7uwLVBbmiDmMt16TWWcAY6gqZL2SPEzyi2gHQuXbl,0,0,Photos,,,,,Lifetime,1595,1100,1033,6,6,0,0,30,9,21,,,,,,,,
1115652510565548,100063624278058,"Bidhaan Health & Beauty","𝑰𝒍𝒂𝒂𝒍𝒊 𝑪𝒂𝒂𝒇𝒊𝒎𝒂𝒂𝒅𝒌𝒂 𝒎𝒂𝒒𝒂𝒂𝒓𝒌𝒂𝒂𝒈𝒂 𝒐𝒐 𝑰𝒔𝒕𝒊𝒄𝒎𝒂𝒂𝒍 𝒅𝒂𝒂𝒘𝒐 𝑲𝒖𝒈𝒖 𝒉𝒂𝒃𝒐𝒐𝒏.

#Bidhaan_Health_Beuaty
#Best_skin_care","𝑰𝒍𝒂𝒂𝒍𝒊 𝑪𝒂𝒂𝒇𝒊𝒎𝒂𝒂𝒅𝒌𝒂 𝒎𝒂𝒒𝒂𝒂𝒓𝒌𝒂𝒂𝒈𝒂 𝒐𝒐 𝑰𝒔𝒕𝒊𝒄𝒎𝒂𝒂𝒍 𝒅𝒂𝒂𝒘𝒐 𝑲𝒖𝒈𝒖 𝒉𝒂𝒃𝒐𝒐𝒏.

#Bidhaan_Health_Beuaty
#Best_skin_care",38,"12/17/2024 02:32",N/A,https://www.facebook.com/bidhaanbeauty/videos/1298575491478838/,0,0,Videos,,,,,Lifetime,1165,1217,1157,16,15,0,1,20,20,,,,1165,4949.123,4.625,0,0,0
1114182687379197,100063624278058,"Bidhaan Health & Beauty","SOO GAAR BIDHAAN HEALTH & BEAUTY OO HELL SKIN CARE TAYO LEH KUGUNA HABOON.

IMAAW MAANT!","SOO GAAR BIDHAAN HEALTH & BEAUTY OO HELL SKIN CARE TAYO LEH KUGUNA HABOON.

IMAAW MAANT!",25,"12/15/2024 05:18",N/A,https://www.facebook.com/bidhaanbeauty/videos/933267518364830/,0,0,Videos,,,,,Lifetime,119419,114273,86241,1095,1049,12,34,2443,2062,,375,6,119419,892590.297,8.758,0,0,0
1113968250733974,100063624278058,"Bidhaan Health & Beauty","Astaamaha lagu ogaado in Vitamin D kugu yaryahay.
#Bidhaan_Health_Beuaty
#Best_skin_care",,0,"12/14/2024 22:20",N/A,https://www.facebook.com/bidhaanbeauty/posts/pfbid09gsLZKDNkDqrjb7Fr56AaL2GVqiUEhQyxtrowoVisa54Jmtmf51axPkeotDpeJJ1l,0,0,Photos,,,,,Lifetime,4075,2699,2570,28,25,0,3,101,28,72,1,,,,,,,
1112356924228440,100063624278058,"Bidhaan Health & Beauty","JIMCA WANAAGSAN.

#bidhaan_health 
#skincareroutine",,0,"12/12/2024 17:00",N/A,https://www.facebook.com/bidhaanbeauty/posts/pfbid02dbMvFdVBkMFjpwMmNn2RLgR2FVAyySoKED8xnwPQ14XaXtnHXkQvzeEfRQPr65jyl,0,0,Photos,,,,,Lifetime,1637,1156,1107,10,10,0,0,16,10,6,,,,,,,,
1111802207617245,100063624278058,"Bidhaan Health & Beauty","Hubi caafimaadka maqaarkaaga.
#bidhaan_health 
#skincareroutine",,0,"12/11/2024 23:21",N/A,https://www.facebook.com/bidhaanbeauty/posts/pfbid02BWh72UepuPZi8xiQArneFiRKpZYvyRWRB5ivWdKooVdHj3Awbfza8d2cNTGRF2vrl,0,0,Photos,,,,,Lifetime,2525,1840,1763,10,8,0,2,23,7,16,,,,,,,,
1109017694562363,100063624278058,"Bidhaan Health & Beauty","Hubi caafimaadka maqaarkaaga oo sii daryeelka ay u baahan yihiin.

#bidhaan_health
#skincareroutine",,0,"12/08/2024 04:26",N/A,https://www.facebook.com/bidhaanbeauty/posts/pfbid0gxC9DBCBYxPZNqBUWjqp5738bgBydE3w3dgPiJaWGL7NXJRbAwq5mePjrhsWVW5Rl,0,0,Photos,,,,,Lifetime,2255,1598,1547,16,16,0,0,7,,7,,,,,,,,
1108978301232969,100063624278058,"Bidhaan Health & Beauty","Oily Face Skin Care Kugu Haboon Bidhaan Kaso Donno Hadda.

30% Discount 🎉🎉","Oily Face Skin Care Kugu Haboon Bidhaan Kaso Donno Hadda.

30% Discount 🎉🎉",34,"12/08/2024 03:23",N/A,https://www.facebook.com/bidhaanbeauty/videos/2014766742373461/,0,0,Videos,,,,,Lifetime,177464,177379,117403,824,793,3,28,835,829,,1,5,177464,1283440.079,7.853,0,0,0
1107135731417226,100063624278058,"Bidhaan Health & Beauty","JIMCA MUBAARAK.

#bidhaan_health",,0,"12/05/2024 14:09",N/A,https://www.facebook.com/bidhaanbeauty/posts/pfbid0oDeKBex9AitktGn7j7CEGd2CcCnVMmTDBvQfWJxbsgZn6uvXHNw3Nh6JjV1RjcDdl,0,0,Photos,,,,,Lifetime,1800,1251,1220,9,9,0,0,8,5,3,,,,,,,,
1104518971678902,100063624278058,"Bidhaan Health & Beauty","Maqaarkaaga wuxuu mudan yahay daryeel iyo daawo habboon! 🌟

#Bidhaan_Health_Beuaty
#Best_skin_care",,0,"12/02/2024 05:12",N/A,https://www.facebook.com/bidhaanbeauty/posts/pfbid034vg3563vCAYCj4jnGMJQpb6nT8FqJJeL6aJySgeSCo5NoEVgUewbQTnkWArUWjFhl,0,0,Photos,,,,,Lifetime,3909,2692,2573,39,38,0,1,98,17,81,,,,,,,,
1103189535145179,100063624278058,"Bidhaan Health & Beauty","Waxaa loo isticmaala ka hortaga iyo xagameenta qatarta ka imaato ileyska qoraxda.

#bidhaan_health 
#skincareroutine",,0,"11/30/2024 08:50",N/A,https://www.facebook.com/bidhaanbeauty/posts/pfbid031w2gQr2G61aYK884s1WmYYNx9czF7RoBHLNMVymbYfvQ4jWfkxSGLQh8ZHiXq6Gpl,0,0,Photos,,,,,Lifetime,4552,3158,3001,51,49,1,1,67,30,37,,,,,,,,
1101927848604681,100063624278058,"Bidhaan Health & Beauty","Jimca Wanaagsan Dhamaan Umada Soomaaliyeed.

#bidhaan_health",,0,"11/28/2024 17:42",N/A,https://www.facebook.com/bidhaanbeauty/posts/pfbid0y5FUDese6KWkrQ88Ye3QJqh9vm1yDgVpj721fcgVYLUS2wRFa3sVv9gW2NCqDeTVl,0,0,Photos,,,,,Lifetime,1192,878,797,9,9,0,0,3,,3,,,,,,,,
1100798575384275,100063624278058,"Bidhaan Health & Beauty","Maka mid tahay dadka qudaarta isticmaalo?

#bidhaan_health 
#skincareroutine",,0,"11/27/2024 05:29",N/A,https://www.facebook.com/bidhaanbeauty/posts/pfbid02A628F4KS8QJm6BB5b8fPcgpf2wnxVCQ4ed5YWL3mRSXoRfTvpouQ8hSX3ie9pw4ml,0,0,Photos,,,,,Lifetime,3486,2469,2338,33,30,0,3,61,16,45,,,,,,,,
